-- phpMyAdmin SQL Dump
-- version 5.2.1
-- https://www.phpmyadmin.net/
--
-- ホスト: 127.0.0.1
-- 生成日時: 2023-05-17 10:58:11
-- サーバのバージョン： 10.4.28-MariaDB
-- PHP のバージョン: 8.2.4

SET SQL_MODE = "NO_AUTO_VALUE_ON_ZERO";
START TRANSACTION;
SET time_zone = "+00:00";


/*!40101 SET @OLD_CHARACTER_SET_CLIENT=@@CHARACTER_SET_CLIENT */;
/*!40101 SET @OLD_CHARACTER_SET_RESULTS=@@CHARACTER_SET_RESULTS */;
/*!40101 SET @OLD_COLLATION_CONNECTION=@@COLLATION_CONNECTION */;
/*!40101 SET NAMES utf8mb4 */;

--
-- データベース: `team1`
--

-- --------------------------------------------------------

--
-- テーブルの構造 `products`
--

CREATE TABLE `products` (
  `id` int(11) NOT NULL,
  `name` varchar(100) DEFAULT NULL,
  `manufacturer` varchar(100) DEFAULT NULL,
  `date` date DEFAULT NULL,
  `price` int(11) NOT NULL DEFAULT 0
) ENGINE=InnoDB DEFAULT CHARSET=utf8mb4 COLLATE=utf8mb4_general_ci;

--
-- テーブルのデータのダンプ `products`
--

INSERT INTO `products` (`id`, `name`, `manufacturer`, `date`, `price`) VALUES
(4, 'メロン', 'これは静岡県産のメロンです。', '0000-00-00', 90),
(18, 'キウイ', 'これは秋田産のみかん', '2023-05-01', 100),
(19, 'うどん', '丸亀製麺', '2023-05-15', 1500),
(21, 'banana', '', '2023-05-17', 10000),
(22, 'サーモン', 'ノルウェー産', '2023-05-24', 650),
(25, 'コーヒー', 'メキシコ産', '2023-05-22', 230),
(27, '石井', '石井母', '2023-05-15', 1000000),
(29, '石井', '石井母', '2023-05-15', 1000000),
(30, '石井', '石井母', '2023-05-15', 1000000),
(31, '石井', '石井母', '2023-05-15', 1000000),
(32, '石井', '石井母', '2023-05-15', 1000000),
(37, '堀金', 'あああああ', '2023-05-15', 1000);

-- --------------------------------------------------------

--
-- テーブルの構造 `purchases`
--

CREATE TABLE `purchases` (
  `id` int(11) NOT NULL COMMENT '管理番号',
  `product_id` int(11) DEFAULT NULL COMMENT '仕入れた商品のid',
  `quantity` int(11) DEFAULT NULL COMMENT '仕入れた商品の数',
  `date` date DEFAULT NULL COMMENT '仕入れした日付',
  `note` text NOT NULL COMMENT '仕入れに関する備考',
  `user_id` int(11) DEFAULT NULL,
  `done` int(11) DEFAULT NULL
) ENGINE=InnoDB DEFAULT CHARSET=utf8mb4 COLLATE=utf8mb4_general_ci;

--
-- テーブルのデータのダンプ `purchases`
--

INSERT INTO `purchases` (`id`, `product_id`, `quantity`, `date`, `note`, `user_id`, `done`) VALUES
(2, 0, 0, '2023-05-15', 'a', 4, 1),
(3, 0, 2, '2023-05-15', 'null', 1, 1),
(4, 0, 2, '2023-05-15', 'null', 1, 1),
(5, 0, 0, '2023-05-16', 'a', NULL, 1),
(6, 0, 0, '2023-05-16', '', NULL, 1),
(8, 0, 1, '2023-05-16', '', NULL, 1),
(9, 2, 2, '2023-05-16', 'わわーーー', NULL, 1),
(10, 1, 3, '2023-05-16', 'ばあああああ', 1, 1),
(11, 1, 63, '2023-05-16', 'a', 4, 1),
(12, 1, 45, '2023-05-16', 'a', 4, 1),
(17, 1, 1, '2023-05-16', 'aaaaa', 4, 1),
(18, 1, 2, '2023-05-16', '', 5, 1),
(20, 1, 12111, '2023-05-16', '', 4, 1),
(21, 1, 1, '2023-05-16', '', 4, 1),
(23, 1, 4, '2023-05-16', '333', 5, 1),
(24, 1, 4, '2023-05-16', '333', 5, 1),
(25, 1, 4, '2023-05-16', '333', 5, 1),
(26, 1, 3, '2023-05-16', 'eee', 5, 1),
(27, 1, 2, '2023-05-16', '3', 5, 1),
(28, 1, 3, '2023-05-16', '', 5, 1),
(29, 4, 4, '2023-05-16', '', 5, 1),
(31, 3, 8, '2023-05-16', '', 5, 1),
(32, 1, 1, '2023-05-16', '', 5, 1),
(33, 4, 7, '2023-05-16', '', 4, 1),
(34, 2, 2, '2023-05-16', '', 5, 1),
(36, 2, 2, '2023-05-16', 'null', 5, 1),
(38, 3, 7, '2023-05-16', '', 4, 1),
(39, 2, 7, '2023-05-16', '', 4, 1),
(40, 2, 0, '2023-05-16', '', 1, 1),
(41, 2, 1000, '2023-05-16', '', 3, 1),
(42, 18, 10008, '2023-05-16', '', 3, 1),
(43, 3, 100, '2023-05-16', '', 1, 1),
(44, 14, 200, '2023-05-16', '', 1, 1),
(45, 18, 200, '2023-05-16', 'あ', 1, 1),
(46, 19, 1500, '2023-05-16', '', 1, 1),
(51, 3, 7, '2023-05-17', 'qqq', 4, 1),
(52, 3, 7, '2023-05-17', '', 4, 1),
(55, 19, 4, '2023-05-17', '', 5, 1),
(56, 3, 3, '2023-05-17', '', 5, 1),
(62, 3, 1, '2023-05-17', '', 4, 1),
(66, 18, 3, '2023-05-17', '', 5, 1),
(67, 19, 10, '2023-05-17', '', 5, 1),
(68, 19, 4, '2023-05-17', '', 5, 1),
(73, 19, 10000, '2023-05-17', '', 1, 1),
(74, 18, 2, '2023-05-17', '', 5, 1),
(76, 19, 10, '2023-05-17', '', 1, 1),
(78, 19, 4, '2023-05-17', '', 5, 1),
(80, 19, 1, '2023-05-17', '', 5, 1),
(81, 19, 20, '2023-05-17', '', 1, 1),
(82, 19, 3000, '2023-05-17', '', 1, 1),
(83, 19, 300, '2023-05-17', '', 1, 1),
(84, 3, 1, '2023-05-17', '', 4, 1),
(86, 4, 2, '2023-05-17', '', 5, 1),
(88, 19, 200, '2023-05-17', '', 1, 1),
(89, 19, 10, '2023-05-17', '', 1, 1),
(91, 19, 100000, '2023-05-17', '', 1, 1),
(92, 19, 100000, '2023-05-17', '', 1, 1),
(93, 19, 2, '2023-05-17', '', 5, 1),
(94, 19, 10, '2023-05-17', '', 1, 1),
(95, 21, 10, '2023-05-17', '', 1, 1),
(96, 21, 10, '2023-05-17', '', 1, 1),
(97, 3, 4, '2023-05-17', '', 5, 1),
(98, 18, 3, '2023-05-17', '', 5, 1),
(99, 4, 2, '2023-05-17', '', 5, 1),
(101, 3, 7, '2023-05-17', '', 4, 1),
(102, 18, 15, '2023-05-17', '石井由菜です', 1, 1),
(104, 4, 11, '2023-05-17', 'a', 1, 1),
(105, 3, 10, '2023-05-17', '2', 1, 1),
(106, 3, 7, '2023-05-17', '', 4, 1),
(107, 3, 2, '2023-05-17', '', 5, 1),
(108, 22, 10, '2023-05-17', '', 5, 1),
(109, 3, 200, '2023-05-17', '石井由菜です', 1, 1),
(110, 3, 11, '2023-05-17', '石井由菜です', 1, 1),
(111, 3, 7, '2023-05-17', '', 4, 1),
(113, 4, 3, '2023-05-17', '', 5, 1),
(114, 3, 3, '2023-05-17', '', 5, 1),
(116, 3, 4, '2023-05-17', '', 5, 1),
(120, 4, 3, '2023-05-17', '', 5, 1),
(121, 22, 10, '2023-05-17', '', 5, 1),
(122, 25, 4, '2023-05-17', '', 5, 1),
(124, 25, 2, '2023-05-17', '', 5, 1),
(125, 4, 1, '2023-05-17', '', 5, 1),
(126, 22, 10, '2023-05-17', '', 5, 1),
(127, 18, 2, '2023-05-17', '', 5, 1),
(128, 4, 4, '2023-05-17', '', 5, 1),
(129, 27, 7, '2023-05-17', '', 5, 1),
(130, 22, 2, '2023-05-17', '', 5, 1),
(131, 4, 10, '2023-05-17', '', 5, 1),
(132, 4, 7, '2023-05-17', '', 4, 1),
(133, 4, 1, '2023-05-17', '', 4, 1),
(134, 18, 3, '2023-05-17', '', 5, 1),
(135, 4, 4, '2023-05-17', '', 5, 1),
(136, 4, 3, '2023-05-17', '', 5, 1),
(137, 25, 10, '2023-05-17', '', 5, 1),
(138, 4, 8, '2023-05-17', '', 5, 1),
(139, 4, 10, '2023-05-17', '', 5, 1),
(140, 4, 3, '2023-05-17', '', 5, 1),
(141, 37, 200, '2023-05-17', '', 1, 1),
(142, 36, 200, '2023-05-17', '', 1, 1),
(143, 4, 200, '2023-05-17', '', 1, 1),
(144, 4, 1000000, '2023-05-17', '', 1, 1),
(145, 4, 11111, '2023-05-17', '', 1, 1),
(146, 18, 200, '2023-05-17', '', 1, 1),
(147, 4, 2147483647, '2023-05-17', '', 1, 1),
(148, 18, 2147483647, '2023-05-17', '', 1, 1),
(149, 31, 5, '2023-05-17', '', 5, 1),
(150, 32, 10, '2023-05-17', '', 5, 1),
(151, 19, 8, '2023-05-17', '', 5, 1),
(152, 22, 2, '2023-05-17', '', 5, 1),
(153, 18, 2, '2023-05-17', '', 5, 1),
(154, 22, 3, '2023-05-17', '', 5, 1),
(155, 22, 2, '2023-05-17', '', 5, 1),
(157, 30, 23, '2023-05-17', 'dddd', 1, 1),
(158, 4, 10, '2023-05-17', '', 1, 1),
(159, 4, 10, '2023-05-17', '', 1, 1),
(160, 4, 10, '2023-05-17', '2', 1, 1),
(161, 19, 1, '2023-05-17', '', 1, 1),
(162, 4, 10, '2023-05-17', '', 1, 1),
(163, 4, 1, '2023-05-17', '', 1, 1),
(164, 19, 2, '2023-05-17', '', 5, 1),
(165, 4, 7, '2023-05-17', '', 4, 1),
(166, 4, 100, '2023-05-17', 'q', 4, 1),
(167, 4, 100, '2023-05-17', 'q', 4, 1),
(168, 4, 1, '2023-05-17', 'aa', 4, 0),
(169, 4, 2, '2023-05-17', '', 5, 1),
(170, 4, 2, '2023-05-17', '', 5, 1),
(171, 25, 1000, '2023-05-17', '', 3, 0);

-- --------------------------------------------------------

--
-- テーブルの構造 `stocks`
--

CREATE TABLE `stocks` (
  `id` int(11) NOT NULL COMMENT '商品を特定するための情報',
  `name` varchar(100) DEFAULT NULL COMMENT '商品名',
  `stock` int(11) DEFAULT 0 COMMENT '現在の在庫数'
) ENGINE=InnoDB DEFAULT CHARSET=utf8mb4 COLLATE=utf8mb4_general_ci;

--
-- テーブルのデータのダンプ `stocks`
--

INSERT INTO `stocks` (`id`, `name`, `stock`) VALUES
(1, 'リンゴ', 20),
(2, 'イチゴ', 1000),
(3, 'バナナ', 465),
(4, 'メロン', 1011637),
(5, 'パイナップル', 25),
(18, 'Array', 2147483647),
(19, 'うどん', 200026),
(21, 'banana', 20),
(22, 'サーモン', 32),
(25, 'コーヒー', 18),
(27, '石井', 7),
(36, '石井', 200),
(37, '堀金', 200);

-- --------------------------------------------------------

--
-- テーブルの構造 `users`
--

CREATE TABLE `users` (
  `id` int(11) NOT NULL COMMENT 'ユーザーを特定するための情報',
  `name` varchar(100) DEFAULT NULL COMMENT 'ユーザー名称',
  `password` varchar(255) DEFAULT NULL COMMENT 'ログインパスワード(hash)'
) ENGINE=InnoDB DEFAULT CHARSET=utf8mb4 COLLATE=utf8mb4_general_ci;

--
-- テーブルのデータのダンプ `users`
--

INSERT INTO `users` (`id`, `name`, `password`) VALUES
(1, 'ishii', '8ed3f7c5fddc45e16e6ed3b463358e5d'),
(2, 'hiranishi', 'b96726260f8dc1424a4d31ddd600f7de'),
(3, 'honda', '334a3eb6c1615a906ecb56572c5d7194'),
(4, 'takano', '94c51847605ac771c56793731c44f9ae'),
(5, 'ichimura', '2abe71e3ba89c83d1be11dbc17c43527');

--
-- ダンプしたテーブルのインデックス
--

--
-- テーブルのインデックス `products`
--
ALTER TABLE `products`
  ADD PRIMARY KEY (`id`);

--
-- テーブルのインデックス `purchases`
--
ALTER TABLE `purchases`
  ADD PRIMARY KEY (`id`);

--
-- テーブルのインデックス `stocks`
--
ALTER TABLE `stocks`
  ADD PRIMARY KEY (`id`);

--
-- テーブルのインデックス `users`
--
ALTER TABLE `users`
  ADD PRIMARY KEY (`id`);

--
-- ダンプしたテーブルの AUTO_INCREMENT
--

--
-- テーブルの AUTO_INCREMENT `products`
--
ALTER TABLE `products`
  MODIFY `id` int(11) NOT NULL AUTO_INCREMENT, AUTO_INCREMENT=39;

--
-- テーブルの AUTO_INCREMENT `purchases`
--
ALTER TABLE `purchases`
  MODIFY `id` int(11) NOT NULL AUTO_INCREMENT COMMENT '管理番号', AUTO_INCREMENT=172;

--
-- テーブルの AUTO_INCREMENT `stocks`
--
ALTER TABLE `stocks`
  MODIFY `id` int(11) NOT NULL AUTO_INCREMENT COMMENT '商品を特定するための情報', AUTO_INCREMENT=38;

--
-- テーブルの AUTO_INCREMENT `users`
--
ALTER TABLE `users`
  MODIFY `id` int(11) NOT NULL AUTO_INCREMENT COMMENT 'ユーザーを特定するための情報', AUTO_INCREMENT=7;
COMMIT;

/*!40101 SET CHARACTER_SET_CLIENT=@OLD_CHARACTER_SET_CLIENT */;
/*!40101 SET CHARACTER_SET_RESULTS=@OLD_CHARACTER_SET_RESULTS */;
/*!40101 SET COLLATION_CONNECTION=@OLD_COLLATION_CONNECTION */;
